region,season,dominant strain AA,AA,position,mature position,protein,epitope,epitope site,RBS,mutation,H3 mutation
aunz,2003,I,L,41,25,HA1,False,,False,L41I,L25I
aunz,2003,G,R,66,50,HA1,True,C,False,R66G,R50G
aunz,2003,Q,H,91,75,HA1,True,E,False,H91Q,H75Q
aunz,2003,K,E,99,83,HA1,True,E,False,E99K,E83K
aunz,2003,H,Y,121,105,HA1,False,,False,Y121H,Y105H
aunz,2003,A,V,122,106,HA1,False,,False,V122A,V106A
aunz,2003,D,N,142,126,HA1,True,A,False,N142D,N126D
aunz,2003,T,A,147,131,HA1,True,A,True,A147T,A131T
aunz,2003,N,D,160,144,HA1,True,A,True,D160N,D144N
aunz,2003,T,H,171,155,HA1,True,B,True,H171T,H155T
aunz,2003,H,Q,172,156,HA1,True,B,True,Q172H,Q156H
aunz,2003,I,V,218,202,HA1,False,,False,V218I,V202I
aunz,2003,R,W,238,222,HA1,False,,True,W238R,W222R
aunz,2003,D,G,241,225,HA1,False,,True,G241D,G225D
aunz,2004,Y,H,121,105,HA1,False,,False,H121Y,H105Y
aunz,2004,N,D,142,126,HA1,True,A,False,D142N,D126N
aunz,2004,N,K,161,145,HA1,True,A,True,K161N,K145N
aunz,2004,F,Y,175,159,HA1,True,B,True,Y175F,Y159F
aunz,2004,N,S,205,189,HA1,True,B,True,S205N,S189N
aunz,2004,I,V,242,226,HA1,True,D,True,V242I,V226I
aunz,2004,P,S,243,227,HA1,True,D,True,S243P,S227P
aunz,2005,I,V,128,112,HA1,False,,False,V128I,V112I
aunz,2005,S,N,161,145,HA1,True,A,True,N161S,N145S
aunz,2005,E,K,189,173,HA1,True,D,False,K189E,K173E
aunz,2005,Y,D,204,188,HA1,True,B,True,D204Y,D188Y
aunz,2006,I,V,128,112,HA1,False,,False,V128I,V112I
aunz,2006,F,S,209,193,HA1,True,B,True,S209F,S193F
aunz,2007,I,K,156,140,HA1,True,A,True,K156I,K140I
aunz,2008,Q,K,189,173,HA1,True,D,False,K189Q,K173Q
aunz,2009,K,E,78,62,HA1,True,E,False,E78K,E62K
aunz,2009,K,N,160,144,HA1,True,A,True,N160K,N144K
aunz,2009,N,K,174,158,HA1,True,B,True,K174N,K158N
aunz,2009,K,N,205,189,HA1,True,B,True,N205K,N189K
aunz,2010,N,D,69,53,HA1,True,C,False,D69N,D53N
aunz,2010,E,K,78,62,HA1,True,E,False,K78E,K62E
aunz,2010,H,Y,110,94,HA1,True,E,False,Y110H,Y94H
aunz,2010,N,K,160,144,HA1,True,A,True,K160N,K144N
aunz,2010,A,T,228,212,HA1,True,D,False,T228A,T212A
aunz,2010,V,A,229,213,HA1,True,D,False,A229V,A213V
aunz,2010,V,I,246,230,HA1,True,D,False,I246V,I230V
aunz,2010,A,E,296,280,HA1,True,C,False,E296A,E280A
aunz,2012,R,Q,49,33,HA1,False,,False,Q49R,Q33R
aunz,2012,N,S,61,45,HA1,True,C,False,S61N,S45N
aunz,2012,I,T,64,48,HA1,True,C,False,T64I,T48I
aunz,2012,N,S,161,145,HA1,True,A,True,S161N,S145N
aunz,2012,K,N,294,278,HA1,True,C,False,N294K,N278K
aunz,2013,A,T,144,128,HA1,True,B,False,T144A,T128A
aunz,2013,G,R,158,142,HA1,True,A,False,R158G,R142G
aunz,2014,V,M,363,347,HA2,False,,False,M363V,M347V
aunz,2015,I,L,19,3,HA1,False,,False,L19I,L3I
aunz,2015,T,A,144,128,HA1,True,B,False,A144T,A128T
aunz,2015,R,G,158,142,HA1,True,A,False,G158R,G142R
aunz,2015,S,N,160,144,HA1,True,A,True,N160S,N144S
aunz,2015,Y,F,175,159,HA1,True,B,True,F175Y,F159Y
aunz,2015,T,K,176,160,HA1,False,,False,K176T,K160T
aunz,2015,H,Q,327,311,HA1,True,C,False,Q327H,Q311H
aunz,2015,N,D,505,489,HA2,False,,False,D505N,D489N
aunz,2016,K,N,187,171,HA1,True,D,False,N187K,N171K
aunz,2016,V,I,422,406,HA2,False,,False,I422V,I406V
aunz,2016,E,G,500,484,HA2,False,,False,G500E,G484E
aunz,2017,K,N,137,121,HA1,True,D,False,N137K,N121K
aunz,2017,Q,H,327,311,HA1,True,C,False,H327Q,H311Q
aunz,2018,N,K,137,121,HA1,True,D,False,K137N,K121N
aunz,2018,K,T,147,131,HA1,True,A,True,T147K,T131K
aunz,2018,K,G,158,142,HA1,True,A,False,G158K,G142K
aunz,2018,N,K,187,171,HA1,True,D,False,K187N,K171N
aunz,2018,Q,R,277,261,HA1,True,E,False,R277Q,R261Q
aunz,2019,G,E,78,62,HA1,True,E,False,E78G,E62G
aunz,2019,K,T,147,131,HA1,True,A,True,T147K,T131K
aunz,2019,R,Q,213,197,HA1,True,B,False,Q213R,Q197R
aunz,2019,R,K,223,207,HA1,True,D,False,K223R,K207R
aunz,2019,F,S,235,219,HA1,True,D,True,S235F,S219F
aunz,2019,M,V,363,347,HA2,False,,False,V363M,V347M
aunz,2019,G,E,500,484,HA2,False,,False,E500G,E484G
aunz,2019,I,V,545,529,HA2,False,,False,V545I,V529I
aunz,2020,E,K,99,83,HA1,True,E,False,K99E,K83E
aunz,2020,N,Y,110,94,HA1,True,E,False,Y110N,Y94N
aunz,2020,S,G,202,186,HA1,True,B,True,G202S,G186S
aunz,2020,S,F,209,193,HA1,True,B,True,F209S,F193S
aunz,2020,F,Y,211,195,HA1,False,,True,Y211F,Y195F
aunz,2020,P,S,214,198,HA1,True,B,False,S214P,S198P
aunz,2020,M,I,538,522,HA2,False,,False,I538M,I522M
aunz,2021,N,Y,9,-7,signal protein,False,,False,Y9N,
aunz,2021,N,D,69,53,HA1,True,C,False,D69N,D53N
aunz,2021,S,H,172,156,HA1,True,B,True,H172S,H156S
aunz,2021,N,Y,175,159,HA1,True,B,True,Y175N,Y159N
aunz,2021,I,T,176,160,HA1,False,,False,T176I,T160I
aunz,2021,Q,L,180,164,HA1,False,,False,L180Q,L164Q
aunz,2021,K,N,187,171,HA1,True,D,False,N187K,N171K
aunz,2021,D,S,202,186,HA1,True,B,True,S202D,S186D
aunz,2021,N,D,206,190,HA1,True,B,True,D206N,D190N
aunz,2021,S,P,214,198,HA1,True,B,False,P214S,P198S
aunz,2022,N,Y,9,-7,signal protein,False,,False,Y9N,
aunz,2022,G,D,69,53,HA1,True,C,False,D69G,D53G
aunz,2022,G,D,120,104,HA1,False,,False,D120G,D104G
aunz,2022,R,K,292,276,HA1,True,C,False,K292R,K276R
aunz,2023,A,T,3,-13,signal protein,False,,False,T3A,
aunz,2023,K,E,66,50,HA1,True,C,False,E66K,E50K
aunz,2023,S,N,112,96,HA1,True,D,False,N112S,N96S
aunz,2023,K,I,156,140,HA1,True,A,True,I156K,I140K
aunz,2023,F,I,208,192,HA1,True,B,True,I208F,I192F
aunz,2023,V,I,239,223,HA1,False,,True,I239V,I223V
aunz,2023,S,N,394,378,HA2,False,,False,N394S,N378S
europe,2002-2003,I,L,41,25,HA1,False,,False,L41I,L25I
europe,2002-2003,G,R,66,50,HA1,True,C,False,R66G,R50G
europe,2002-2003,Q,H,91,75,HA1,True,E,False,H91Q,H75Q
europe,2002-2003,K,E,99,83,HA1,True,E,False,E99K,E83K
europe,2002-2003,A,V,122,106,HA1,False,,False,V122A,V106A
europe,2002-2003,T,A,147,131,HA1,True,A,True,A147T,A131T
europe,2002-2003,N,D,160,144,HA1,True,A,True,D160N,D144N
europe,2002-2003,T,H,171,155,HA1,True,B,True,H171T,H155T
europe,2002-2003,H,Q,172,156,HA1,True,B,True,Q172H,Q156H
europe,2002-2003,I,V,218,202,HA1,False,,False,V218I,V202I
europe,2002-2003,R,W,238,222,HA1,False,,True,W238R,W222R
europe,2002-2003,D,G,241,225,HA1,False,,True,G241D,G225D
europe,2003-2004,I,S,61,45,HA1,True,C,False,S61I,S45I
europe,2003-2004,D,N,142,126,HA1,True,A,False,N142D,N126D
europe,2004-2005,E,G,66,50,HA1,True,C,False,G66E,G50E
europe,2004-2005,N,D,142,126,HA1,True,A,False,D142N,D126N
europe,2004-2005,F,Y,175,159,HA1,True,B,True,Y175F,Y159F
europe,2004-2005,N,S,205,189,HA1,True,B,True,S205N,S189N
europe,2004-2005,I,V,242,226,HA1,True,D,True,V242I,V226I
europe,2004-2005,P,S,243,227,HA1,True,D,True,S243P,S227P
europe,2004-2005,K,N,294,278,HA1,True,C,False,N294K,N278K
europe,2005-2006,F,S,209,193,HA1,True,B,True,S209F,S193F
europe,2005-2006,N,D,241,225,HA1,False,,True,D241N,D225N
europe,2007-2008,E,G,66,50,HA1,True,C,False,G66E,G50E
europe,2007-2008,I,K,156,140,HA1,True,A,True,K156I,K140I
europe,2007-2008,S,L,173,157,HA1,True,B,True,L173S,L157S
europe,2009-2010,N,K,174,158,HA1,True,B,True,K174N,K158N
europe,2009-2010,K,N,205,189,HA1,True,B,True,N205K,N189K
europe,2009-2010,A,T,228,212,HA1,True,D,False,T228A,T212A
europe,2010-2011,N,D,69,53,HA1,True,C,False,D69N,D53N
europe,2010-2011,H,Y,110,94,HA1,True,E,False,Y110H,Y94H
europe,2010-2011,V,I,246,230,HA1,True,D,False,I246V,I230V
europe,2010-2011,A,E,296,280,HA1,True,C,False,E296A,E280A
europe,2011-2012,D,N,69,53,HA1,True,C,False,N69D,N53D
europe,2011-2012,Y,H,110,94,HA1,True,E,False,H110Y,H94Y
europe,2011-2012,S,A,214,198,HA1,True,B,False,A214S,A198S
europe,2011-2012,I,V,239,223,HA1,False,,True,V239I,V223I
europe,2011-2012,I,V,246,230,HA1,True,D,False,V246I,V230I
europe,2011-2012,E,A,296,280,HA1,True,C,False,A296E,A280E
europe,2011-2012,S,N,328,312,HA1,True,C,False,N328S,N312S
europe,2012-2013,R,Q,49,33,HA1,False,,False,Q49R,Q33R
europe,2012-2013,N,S,61,45,HA1,True,C,False,S61N,S45N
europe,2012-2013,I,T,64,48,HA1,True,C,False,T64I,T48I
europe,2012-2013,A,T,144,128,HA1,True,B,False,T144A,T128A
europe,2012-2013,G,R,158,142,HA1,True,A,False,R158G,R142G
europe,2012-2013,S,N,161,145,HA1,True,A,True,N161S,N145S
europe,2012-2013,K,N,294,278,HA1,True,C,False,N294K,N278K
europe,2013-2014,A,T,144,128,HA1,True,B,False,T144A,T128A
europe,2013-2014,G,R,158,142,HA1,True,A,False,R158G,R142G
europe,2013-2014,M,V,363,347,HA2,False,,False,V363M,V347M
europe,2014-2015,I,L,19,3,HA1,False,,False,L19I,L3I
europe,2014-2015,T,A,144,128,HA1,True,B,False,A144T,A128T
europe,2014-2015,R,G,158,142,HA1,True,A,False,G158R,G142R
europe,2014-2015,S,N,160,144,HA1,True,A,True,N160S,N144S
europe,2014-2015,Y,F,175,159,HA1,True,B,True,F175Y,F159Y
europe,2014-2015,T,K,176,160,HA1,False,,False,K176T,K160T
europe,2014-2015,D,N,241,225,HA1,False,,True,N241D,N225D
europe,2014-2015,H,Q,327,311,HA1,True,C,False,Q327H,Q311H
europe,2014-2015,N,D,505,489,HA2,False,,False,D505N,D489N
europe,2016-2017,K,N,137,121,HA1,True,D,False,N137K,N121K
europe,2016-2017,K,N,187,171,HA1,True,D,False,N187K,N171K
europe,2016-2017,V,I,422,406,HA2,False,,False,I422V,I406V
europe,2016-2017,E,G,500,484,HA2,False,,False,G500E,G484E
europe,2017-2018,N,K,137,121,HA1,True,D,False,K137N,K121N
europe,2017-2018,K,T,147,131,HA1,True,A,True,T147K,T131K
europe,2017-2018,K,R,158,142,HA1,True,A,False,R158K,R142K
europe,2017-2018,N,K,187,171,HA1,True,D,False,K187N,K171N
europe,2017-2018,Q,R,277,261,HA1,True,E,False,R277Q,R261Q
europe,2017-2018,I,V,422,406,HA2,False,,False,V422I,V406I
europe,2017-2018,G,E,500,484,HA2,False,,False,E500G,E484G
europe,2018-2019,G,E,78,62,HA1,True,E,False,E78G,E62G
europe,2018-2019,R,K,108,92,HA1,True,E,False,K108R,K92R
europe,2018-2019,K,N,137,121,HA1,True,D,False,N137K,N121K
europe,2018-2019,T,K,147,131,HA1,True,A,True,K147T,K131T
europe,2018-2019,K,T,151,135,HA1,True,A,True,T151K,T135K
europe,2018-2019,G,K,158,142,HA1,True,A,False,K158G,K142G
europe,2018-2019,K,N,187,171,HA1,True,D,False,N187K,N171K
europe,2018-2019,R,Q,277,261,HA1,True,E,False,Q277R,Q261R
europe,2018-2019,Q,H,327,311,HA1,True,C,False,H327Q,H311Q
europe,2018-2019,V,I,422,406,HA2,False,,False,I422V,I406V
europe,2018-2019,E,G,500,484,HA2,False,,False,G500E,G484E
europe,2019-2020,C,Y,9,-7,signal protein,False,,False,Y9C,
europe,2019-2020,E,G,78,62,HA1,True,E,False,G78E,G62E
europe,2019-2020,N,S,107,91,HA1,True,E,False,S107N,S91N
europe,2019-2020,K,R,108,92,HA1,True,E,False,R108K,R92K
europe,2019-2020,N,K,137,121,HA1,True,D,False,K137N,K121N
europe,2019-2020,S,A,154,138,HA1,True,A,True,A154S,A138S
europe,2019-2020,K,S,160,144,HA1,True,A,True,S160K,S144K
europe,2019-2020,S,Y,175,159,HA1,True,B,True,Y175S,Y159S
europe,2019-2020,K,T,176,160,HA1,False,,False,T176K,T160K
europe,2019-2020,N,K,187,171,HA1,True,D,False,K187N,K171N
europe,2019-2020,S,F,209,193,HA1,True,B,True,F209S,F193S
europe,2019-2020,R,K,342,326,HA2,False,,False,K342R,K326R
europe,2019-2020,L,M,362,346,HA2,False,,False,M362L,M346L
europe,2019-2020,I,V,422,406,HA2,False,,False,V422I,V406I
europe,2019-2020,M,I,494,478,HA2,False,,False,I494M,I478M
europe,2019-2020,G,E,500,484,HA2,False,,False,E500G,E484G
europe,2019-2020,V,A,546,530,HA2,False,,False,A546V,A530V
europe,2020-2021,N,Y,9,-7,signal protein,False,,False,Y9N,
europe,2020-2021,E,K,99,83,HA1,True,E,False,K99E,K83E
europe,2020-2021,N,Y,110,94,HA1,True,E,False,Y110N,Y94N
europe,2020-2021,T,A,144,128,HA1,True,B,False,A144T,A128T
europe,2020-2021,K,T,147,131,HA1,True,A,True,T147K,T131K
europe,2020-2021,A,S,154,138,HA1,True,A,True,S154A,S138A
europe,2020-2021,N,Y,175,159,HA1,True,B,True,Y175N,Y159N
europe,2020-2021,I,T,176,160,HA1,False,,False,T176I,T160I
europe,2020-2021,Q,L,180,164,HA1,False,,False,L180Q,L164Q
europe,2020-2021,D,G,202,186,HA1,True,B,True,G202D,G186D
europe,2020-2021,N,D,206,190,HA1,True,B,True,D206N,D190N
europe,2020-2021,F,Y,211,195,HA1,False,,True,Y211F,Y195F
europe,2020-2021,E,G,500,484,HA2,False,,False,G500E,G484E
europe,2020-2021,M,I,538,522,HA2,False,,False,I538M,I522M
europe,2020-2021,I,V,545,529,HA2,False,,False,V545I,V529I
europe,2021-2022,N,Y,9,-7,signal protein,False,,False,Y9N,
europe,2021-2022,G,D,69,53,HA1,True,C,False,D69G,D53G
europe,2021-2022,G,D,120,104,HA1,False,,False,D120G,D104G
europe,2021-2022,S,H,172,156,HA1,True,B,True,H172S,H156S
europe,2021-2022,R,K,292,276,HA1,True,C,False,K292R,K276R
europe,2022-2023,K,E,66,50,HA1,True,C,False,E66K,E50K
europe,2022-2023,D,G,69,53,HA1,True,C,False,G69D,G53D
europe,2022-2023,V,F,95,79,HA1,False,,False,F95V,F79V
europe,2022-2023,K,I,156,140,HA1,True,A,True,I156K,I140K
europe,2022-2023,H,S,172,156,HA1,True,B,True,S172H,S156H
us,2002-2003,I,L,41,25,HA1,False,,False,L41I,L25I
us,2002-2003,G,R,66,50,HA1,True,C,False,R66G,R50G
us,2002-2003,Q,H,91,75,HA1,True,E,False,H91Q,H75Q
us,2002-2003,K,E,99,83,HA1,True,E,False,E99K,E83K
us,2002-2003,A,V,122,106,HA1,False,,False,V122A,V106A
us,2002-2003,T,A,147,131,HA1,True,A,True,A147T,A131T
us,2002-2003,N,D,160,144,HA1,True,A,True,D160N,D144N
us,2002-2003,T,H,171,155,HA1,True,B,True,H171T,H155T
us,2002-2003,H,Q,172,156,HA1,True,B,True,Q172H,Q156H
us,2002-2003,I,V,218,202,HA1,False,,False,V218I,V202I
us,2002-2003,R,W,238,222,HA1,False,,True,W238R,W222R
us,2002-2003,D,G,241,225,HA1,False,,True,G241D,G225D
us,2003-2004,D,N,142,126,HA1,True,A,False,N142D,N126D
us,2004-2005,N,D,142,126,HA1,True,A,False,D142N,D126N
us,2004-2005,N,K,161,145,HA1,True,A,True,K161N,K145N
us,2004-2005,F,Y,175,159,HA1,True,B,True,Y175F,Y159F
us,2004-2005,N,S,205,189,HA1,True,B,True,S205N,S189N
us,2004-2005,I,V,242,226,HA1,True,D,True,V242I,V226I
us,2004-2005,P,S,243,227,HA1,True,D,True,S243P,S227P
us,2005-2006,E,G,66,50,HA1,True,C,False,G66E,G50E
us,2005-2006,F,S,209,193,HA1,True,B,True,S209F,S193F
us,2005-2006,N,D,241,225,HA1,False,,True,D241N,D225N
us,2006-2007,E,G,66,50,HA1,True,C,False,G66E,G50E
us,2006-2007,I,K,156,140,HA1,True,A,True,K156I,K140I
us,2007-2008,E,G,66,50,HA1,True,C,False,G66E,G50E
us,2007-2008,I,K,156,140,HA1,True,A,True,K156I,K140I
us,2007-2008,Q,K,189,173,HA1,True,D,False,K189Q,K173Q
us,2009-2010,N,K,174,158,HA1,True,B,True,K174N,K158N
us,2009-2010,K,N,205,189,HA1,True,B,True,N205K,N189K
us,2009-2010,A,T,228,212,HA1,True,D,False,T228A,T212A
us,2010-2011,N,D,69,53,HA1,True,C,False,D69N,D53N
us,2010-2011,H,Y,110,94,HA1,True,E,False,Y110H,Y94H
us,2010-2011,V,I,246,230,HA1,True,D,False,I246V,I230V
us,2010-2011,A,E,296,280,HA1,True,C,False,E296A,E280A
us,2011-2012,D,N,69,53,HA1,True,C,False,N69D,N53D
us,2011-2012,Y,H,110,94,HA1,True,E,False,H110Y,H94Y
us,2011-2012,S,A,214,198,HA1,True,B,False,A214S,A198S
us,2011-2012,I,V,239,223,HA1,False,,True,V239I,V223I
us,2011-2012,I,V,246,230,HA1,True,D,False,V246I,V230I
us,2011-2012,E,A,296,280,HA1,True,C,False,A296E,A280E
us,2011-2012,S,N,328,312,HA1,True,C,False,N328S,N312S
us,2012-2013,R,Q,49,33,HA1,False,,False,Q49R,Q33R
us,2012-2013,N,S,61,45,HA1,True,C,False,S61N,S45N
us,2012-2013,I,T,64,48,HA1,True,C,False,T64I,T48I
us,2012-2013,S,N,161,145,HA1,True,A,True,N161S,N145S
us,2012-2013,K,N,294,278,HA1,True,C,False,N294K,N278K
us,2013-2014,I,L,19,3,HA1,False,,False,L19I,L3I
us,2013-2014,D,N,241,225,HA1,False,,True,N241D,N225D
us,2013-2014,N,D,505,489,HA2,False,,False,D505N,D489N
us,2014-2015,I,L,19,3,HA1,False,,False,L19I,L3I
us,2014-2015,T,A,144,128,HA1,True,B,False,A144T,A128T
us,2014-2015,R,G,158,142,HA1,True,A,False,G158R,G142R
us,2014-2015,S,N,160,144,HA1,True,A,True,N160S,N144S
us,2014-2015,Y,F,175,159,HA1,True,B,True,F175Y,F159Y
us,2014-2015,T,K,176,160,HA1,False,,False,K176T,K160T
us,2014-2015,D,N,241,225,HA1,False,,True,N241D,N225D
us,2014-2015,H,Q,327,311,HA1,True,C,False,Q327H,Q311H
us,2014-2015,N,D,505,489,HA2,False,,False,D505N,D489N
us,2016-2017,K,N,137,121,HA1,True,D,False,N137K,N121K
us,2016-2017,K,N,187,171,HA1,True,D,False,N187K,N171K
us,2016-2017,V,I,422,406,HA2,False,,False,I422V,I406V
us,2016-2017,E,G,500,484,HA2,False,,False,G500E,G484E
us,2017-2018,N,K,137,121,HA1,True,D,False,K137N,K121N
us,2017-2018,K,T,147,131,HA1,True,A,True,T147K,T131K
us,2017-2018,K,R,158,142,HA1,True,A,False,R158K,R142K
us,2017-2018,N,K,187,171,HA1,True,D,False,K187N,K171N
us,2017-2018,Q,R,277,261,HA1,True,E,False,R277Q,R261Q
us,2017-2018,I,V,422,406,HA2,False,,False,V422I,V406I
us,2017-2018,G,E,500,484,HA2,False,,False,E500G,E484G
us,2018-2019,C,Y,9,-7,signal protein,False,,False,Y9C,
us,2018-2019,N,S,107,91,HA1,True,E,False,S107N,S91N
us,2018-2019,A,T,144,128,HA1,True,B,False,T144A,T128A
us,2018-2019,T,K,147,131,HA1,True,A,True,K147T,K131T
us,2018-2019,S,A,154,138,HA1,True,A,True,A154S,A138S
us,2018-2019,G,K,158,142,HA1,True,A,False,K158G,K142G
us,2018-2019,K,S,160,144,HA1,True,A,True,S160K,S144K
us,2018-2019,S,Y,175,159,HA1,True,B,True,Y175S,Y159S
us,2018-2019,K,T,176,160,HA1,False,,False,T176K,T160K
us,2018-2019,S,F,209,193,HA1,True,B,True,F209S,F193S
us,2018-2019,R,Q,277,261,HA1,True,E,False,Q277R,Q261R
us,2018-2019,Q,H,327,311,HA1,True,C,False,H327Q,H311Q
us,2018-2019,R,K,342,326,HA2,False,,False,K342R,K326R
us,2018-2019,L,M,362,346,HA2,False,,False,M362L,M346L
us,2018-2019,M,I,494,478,HA2,False,,False,I494M,I478M
us,2018-2019,V,A,546,530,HA2,False,,False,A546V,A530V
us,2019-2020,T,A,144,128,HA1,True,B,False,A144T,A128T
us,2019-2020,K,T,147,131,HA1,True,A,True,T147K,T131K
us,2019-2020,M,V,363,347,HA2,False,,False,V363M,V347M
us,2019-2020,I,V,545,529,HA2,False,,False,V545I,V529I
us,2020-2021,E,K,99,83,HA1,True,E,False,K99E,K83E
us,2020-2021,N,Y,110,94,HA1,True,E,False,Y110N,Y94N
us,2020-2021,T,A,144,128,HA1,True,B,False,A144T,A128T
us,2020-2021,K,T,147,131,HA1,True,A,True,T147K,T131K
us,2020-2021,A,S,154,138,HA1,True,A,True,S154A,S138A
us,2020-2021,N,Y,175,159,HA1,True,B,True,Y175N,Y159N
us,2020-2021,I,T,176,160,HA1,False,,False,T176I,T160I
us,2020-2021,Q,L,180,164,HA1,False,,False,L180Q,L164Q
us,2020-2021,D,G,202,186,HA1,True,B,True,G202D,G186D
us,2020-2021,N,D,206,190,HA1,True,B,True,D206N,D190N
us,2020-2021,F,Y,211,195,HA1,False,,True,Y211F,Y195F
us,2020-2021,E,G,500,484,HA2,False,,False,G500E,G484E
us,2020-2021,M,I,538,522,HA2,False,,False,I538M,I522M
us,2020-2021,I,V,545,529,HA2,False,,False,V545I,V529I
us,2021-2022,N,Y,9,-7,signal protein,False,,False,Y9N,
us,2021-2022,G,D,69,53,HA1,True,C,False,D69G,D53G
us,2021-2022,G,D,120,104,HA1,False,,False,D120G,D104G
us,2021-2022,S,H,172,156,HA1,True,B,True,H172S,H156S
us,2021-2022,I,L,173,157,HA1,True,B,True,L173I,L157I
us,2021-2022,N,S,278,262,HA1,True,E,False,S278N,S262N
us,2021-2022,R,K,292,276,HA1,True,C,False,K292R,K276R
us,2022-2023,K,E,66,50,HA1,True,C,False,E66K,E50K
us,2022-2023,D,G,69,53,HA1,True,C,False,G69D,G53D
us,2022-2023,V,F,95,79,HA1,False,,False,F95V,F79V
us,2022-2023,K,I,156,140,HA1,True,A,True,I156K,I140K
us,2022-2023,H,S,172,156,HA1,True,B,True,S172H,S156H
